CREATE DATABASE  IF NOT EXISTS `crawling` /*!40100 DEFAULT CHARACTER SET utf8mb4 COLLATE utf8mb4_0900_ai_ci */ /*!80016 DEFAULT ENCRYPTION='N' */;
USE `crawling`;
-- MySQL dump 10.13  Distrib 8.0.31, for Win64 (x86_64)
--
-- Host: localhost    Database: crawling
-- ------------------------------------------------------
-- Server version	8.0.31

/*!40101 SET @OLD_CHARACTER_SET_CLIENT=@@CHARACTER_SET_CLIENT */;
/*!40101 SET @OLD_CHARACTER_SET_RESULTS=@@CHARACTER_SET_RESULTS */;
/*!40101 SET @OLD_COLLATION_CONNECTION=@@COLLATION_CONNECTION */;
/*!50503 SET NAMES utf8 */;
/*!40103 SET @OLD_TIME_ZONE=@@TIME_ZONE */;
/*!40103 SET TIME_ZONE='+00:00' */;
/*!40014 SET @OLD_UNIQUE_CHECKS=@@UNIQUE_CHECKS, UNIQUE_CHECKS=0 */;
/*!40014 SET @OLD_FOREIGN_KEY_CHECKS=@@FOREIGN_KEY_CHECKS, FOREIGN_KEY_CHECKS=0 */;
/*!40101 SET @OLD_SQL_MODE=@@SQL_MODE, SQL_MODE='NO_AUTO_VALUE_ON_ZERO' */;
/*!40111 SET @OLD_SQL_NOTES=@@SQL_NOTES, SQL_NOTES=0 */;

--
-- Table structure for table `analysis_element`
--

DROP TABLE IF EXISTS `analysis_element`;
/*!40101 SET @saved_cs_client     = @@character_set_client */;
/*!50503 SET character_set_client = utf8mb4 */;
CREATE TABLE `analysis_element` (
  `element_id` int NOT NULL AUTO_INCREMENT,
  `category` varchar(45) DEFAULT NULL,
  `gu` varchar(45) CHARACTER SET utf8mb3 COLLATE utf8mb3_general_ci DEFAULT NULL,
  `element_name` varchar(45) DEFAULT NULL,
  PRIMARY KEY (`element_id`)
) ENGINE=InnoDB AUTO_INCREMENT=429 DEFAULT CHARSET=utf8mb4 COLLATE=utf8mb4_0900_ai_ci;
/*!40101 SET character_set_client = @saved_cs_client */;

--
-- Dumping data for table `analysis_element`
--

LOCK TABLES `analysis_element` WRITE;
/*!40000 ALTER TABLE `analysis_element` DISABLE KEYS */;
INSERT INTO `analysis_element` VALUES (1,'미용','동구','메리펫샵'),(2,'미용','동구','뚜뚜하니'),(3,'미용','동구','베이비숑 그루밍'),(4,'미용','동구','유주펫'),(5,'미용','동구','그남자개발소'),(6,'미용','동구','헬로퍼피'),(7,'미용','동구','꼬리치는강아지'),(8,'미용','동구','애틋하개'),(9,'미용','동구','현동물병원'),(10,'미용','동구','광주강아지분양 몽슈슈'),(11,'미용','동구','쁘띠도그 산수점'),(12,'미용','동구','쁘띠도그 조대점'),(13,'미용','동구','모베럴'),(14,'미용','동구','보듬펫살롱'),(15,'미용','동구','꼴통애견'),(16,'미용','동구','화이트펫#'),(17,'미용','동구','애견가족'),(18,'미용','동구','블랑펫'),(19,'미용','동구','튼튼동물병원'),(20,'미용','동구','손금선애견세상'),(21,'미용','동구','루이비독'),(22,'미용','동구','신세계동물병원'),(23,'미용','서구','메이숑'),(24,'미용','서구','누누띠네'),(25,'미용','서구','306 퍼피'),(26,'미용','서구','강아지 미용실'),(27,'미용','서구','에덴'),(28,'미용','서구','댕뜰리에'),(29,'미용','서구','발사탕 펫살롱'),(30,'미용','서구','송댕송댕'),(31,'미용','서구','우아한 강아지'),(32,'미용','서구','왓숑'),(33,'미용','서구','퍼피움'),(34,'미용','서구','커몽커몽펫'),(35,'미용','서구','포코 아 포코'),(36,'미용','서구','로하네'),(37,'미용','서구','멍드리 당당'),(38,'미용','서구','Bonjour.momo'),(39,'미용','서구','쓰담'),(40,'미용','서구','몽두두'),(41,'미용','서구','퍼피엔젤스'),(42,'미용','서구','멍뭉이 미용실'),(43,'미용','서구','플루피'),(44,'미용','서구','봄이오개'),(45,'미용','서구','팡앤뭉치'),(46,'미용','서구','BOB애완용품금호점'),(47,'미용','서구','개날라리'),(48,'미용','서구','멍타주'),(49,'미용','서구','붕가붕가샵'),(50,'미용','서구','견우애견'),(51,'미용','서구','김채안퍼피살롱'),(52,'미용','서구','러블리주니'),(53,'미용','서구','이쁘개 광주광역시점'),(54,'미용','서구','씨유살롱'),(55,'미용','서구','도그픽'),(56,'미용','서구','？하개'),(57,'미용','서구','멍블리'),(58,'미용','서구','까르르멍멍'),(59,'미용','서구','개똥이와냐옹이'),(60,'미용','서구','컬리 살롱'),(61,'미용','서구','고양이집사'),(62,'미용','서구','업타운독'),(63,'미용','서구','버블펫'),(64,'미용','서구','개바라기'),(65,'미용','서구','내가할개'),(66,'미용','서구','순독'),(67,'미용','서구','펫119'),(68,'미용','서구','사랑가득동물병원'),(69,'미용','서구','영희랑바둑이랑애견미용실'),(70,'미용','서구','펫프렌즈동물병원'),(71,'미용','서구','어루다'),(72,'미용','서구','유림동물병원'),(73,'미용','서구','윌동물외상센터'),(74,'미용','서구','금호동물병원'),(75,'미용','서구','현대동물병원'),(76,'미용','서구','베스트동물병원'),(77,'미용','서구','하나로동물병원'),(78,'미용','서구','푸른동물병원'),(79,'미용','서구','다나동물병원'),(80,'미용','서구','프렌즈동물병원'),(81,'미용','서구','하트강아지'),(82,'미용','서구','Dr.남동물병원'),(83,'미용','서구','어울림동물병원'),(84,'미용','서구','가로수동물병원'),(85,'미용','서구','페츠온동물병원'),(86,'미용','서구','쿨펫동물병원'),(87,'미용','서구','바른동물병원'),(88,'미용','서구','화정힐동물병원'),(89,'미용','서구','펫플'),(90,'미용','서구','광주강아지분양 애견분양 펫왕국'),(91,'미용','서구','광주강아지분양 고양이분양 미유펫'),(92,'미용','서구','쿨 애견미용'),(93,'미용','서구','Style dog'),(94,'미용','서구','이쁘개귀엽개'),(95,'미용','서구','알로하펫'),(96,'미용','남구','바비숑펫살롱'),(97,'미용','남구','멜루'),(98,'미용','남구','몽글몽글애견미용'),(99,'미용','남구','참견아카데미'),(100,'미용','남구','리치펫살롱'),(101,'미용','남구','퍼피쿼터스'),(102,'미용','남구','끌레르몽'),(103,'미용','남구','Grooming Shinsa 비숑다움(월산점)'),(104,'미용','남구','모찌네 살롱(Salon de mozzi)'),(105,'미용','남구','오즈동물병원'),(106,'미용','남구','(주)노랑댕댕이'),(107,'미용','남구','The 사랑할 개'),(108,'미용','남구','비타동물의료센터'),(109,'미용','남구','물만난 강아지'),(110,'미용','남구','까까뿌숑'),(111,'미용','남구','멍스베리'),(112,'미용','남구','바비숑펫살롱'),(113,'미용','남구','개린이보호구역'),(114,'미용','남구','붕가붕가샵'),(115,'미용','남구','공감애견미용실'),(116,'미용','남구','청담동물병원'),(117,'미용','남구','Grooming574'),(118,'미용','남구','핑크펫'),(119,'미용','남구','진월24동물병원'),(120,'미용','남구','THE반하개'),(121,'미용','남구','수애견미용실'),(122,'미용','남구','바비숑펫살롱'),(123,'미용','남구','러블리 펫'),(124,'미용','남구','은하수 동물병원'),(125,'미용','남구','도도네 개집'),(126,'미용','남구','땡구야놀자'),(127,'미용','남구','개운하개'),(128,'미용','남구','짱구 애견 하우스'),(129,'미용','남구','노아동물병원'),(130,'미용','남구','메종 드 캣'),(131,'미용','남구','광주애견샵 S펫살롱'),(132,'미용','남구','러블리아지'),(133,'미용','남구','고려동물병원 미용실'),(134,'미용','남구','길동물병원'),(135,'미용','남구','그린동물병원'),(136,'미용','남구','에바다애견'),(137,'미용','남구','바람난강아지'),(138,'미용','남구','성원펫랜드'),(139,'미용','남구','개멋내기'),(140,'미용','남구','애견조아'),(141,'미용','남구','소다펫'),(142,'미용','북구','광주애견유치원호텔미용 마마스미독펜트하우스'),(143,'미용','북구','포숑이네'),(144,'미용','북구','다룸'),(145,'미용','북구','나무네멍실'),(146,'미용','북구','비주얼펫살롱'),(147,'미용','북구','꼬마애견'),(148,'미용','북구','펜디멍'),(149,'미용','북구','멍시티'),(150,'미용','북구','강아지랑나랑'),(151,'미용','북구','다듬'),(152,'미용','북구','까까모'),(153,'미용','북구','야옹아멍멍해봐삼각점'),(154,'미용','북구','더예쁘개'),(155,'미용','북구','개끌림'),(156,'미용','북구','댕s 투게더'),(157,'미용','북구','스담멍스'),(158,'미용','북구','뷰티독'),(159,'미용','북구','올치동물병원'),(160,'미용','북구','아롱애견미용실'),(161,'미용','북구','씨유펫 첨단점'),(162,'미용','북구','귀여운 강아지'),(163,'미용','북구','데일리펫 위드독스'),(164,'미용','북구','비오비애견용품아울렛(교대점)'),(165,'미용','북구','감자띠네'),(166,'미용','북구','쓰담쓰담애견샵'),(167,'미용','북구','태진상사(BOB애완용품아울렛)'),(168,'미용','북구','호수펫'),(169,'미용','북구','개발소'),(170,'미용','북구','도블리펫'),(171,'미용','북구','광주애견호텔유치원소유펫'),(172,'미용','북구','블루밍독'),(173,'미용','북구','개미용중'),(174,'미용','북구','엔젤동물병원'),(175,'미용','북구','동행샵'),(176,'미용','북구','킴스펫살롱'),(177,'미용','북구','마음동물병원'),(178,'미용','북구','김앤강동물병원'),(179,'미용','북구','베이비멍'),(180,'미용','북구','다드멍'),(181,'미용','북구','아이도그케어(I DOG CARE)'),(182,'미용','북구','쁘띠앤독'),(183,'미용','북구','요술펫'),(184,'미용','북구','자연애견미용실'),(185,'미용','북구','해맑은동물병원'),(186,'미용','북구','호야펫'),(187,'미용','북구','애견하우스'),(188,'미용','북구','가야동물병원'),(189,'미용','북구','방울'),(190,'미용','북구','유동물병원'),(191,'미용','북구','빛고을애견샵'),(192,'미용','북구','개인정애견샵'),(193,'미용','북구','코아동물병원'),(194,'미용','북구','24시언제나동물병원'),(195,'미용','북구','굿모닝동물병원'),(196,'미용','북구','도그도기'),(197,'미용','북구','애견본가'),(198,'미용','북구','주주동물병원'),(199,'미용','북구','개소리펫샵'),(200,'미용','북구','종로애견미용'),(201,'미용','북구','땡칠아놀자'),(202,'미용','북구','이든동물병원'),(203,'미용','북구','레이 펫'),(204,'미용','북구','펫월드'),(205,'미용','북구','햅번독'),(206,'미용','북구','일곡동물병원'),(207,'미용','북구','비오비애완용품아울렛(운암점)'),(208,'미용','북구','데일리도그'),(209,'미용','북구','구름이'),(210,'미용','북구','애견사랑'),(211,'미용','북구','애견마을'),(212,'미용','북구','그루밍마벨'),(213,'미용','광산구','유 시저링'),(214,'미용','광산구','아가단 펫 살롱'),(215,'미용','광산구','오후독'),(216,'미용','광산구','슈퍼퍼피'),(217,'미용','광산구','머즐(muzzle)'),(218,'미용','광산구','봄이네샵'),(219,'미용','광산구','비마이퍼피'),(220,'미용','광산구','댕댕이 살롱'),(221,'미용','광산구','몽몽'),(222,'미용','광산구','댕댕#'),(223,'미용','광산구','BOB 애견용품 아울렛'),(224,'미용','광산구','도담도담 동물병원'),(225,'미용','광산구','그루몽펫살롱(groomong)'),(226,'미용','광산구','깎개'),(227,'미용','광산구','꼬리빗'),(228,'미용','광산구','알리Bath'),(229,'미용','광산구','이솝동물병원'),(230,'미용','광산구','구름처럼부들부들'),(231,'미용','광산구','인디퍼피'),(232,'미용','광산구','파크독'),(233,'미용','광산구','미르동물병원'),(234,'미용','광산구','냥이멍이세상'),(235,'미용','광산구','The 사랑해줄개'),(236,'미용','광산구','오브독'),(237,'미용','광산구','엠에스펫마트송정점'),(238,'미용','광산구','멍끌림'),(239,'미용','광산구','개스맨'),(240,'미용','광산구','쁘띠독'),(241,'미용','광산구','광주다온동물병원'),(242,'미용','광산구','야옹아 멍멍해봐 월곡점'),(243,'미용','광산구','독크루'),(244,'미용','광산구','펫블리강아지&미라클고양이'),(245,'미용','광산구','영희랑 바둑이랑 애견미용실'),(246,'미용','광산구','위드퍼피숑'),(247,'미용','광산구','미용하는 퍼피마미'),(248,'미용','광산구','늘, 사랑스럽 개'),(249,'미용','광산구','태진상사'),(250,'미용','광산구','펫뷰티샵 페이보릿'),(251,'미용','광산구','개단장'),(252,'미용','광산구','큐독'),(253,'미용','광산구','영희와바둑이 애견미용샵'),(254,'미용','광산구','멍멍이가족'),(255,'미용','광산구','쭈펫살롱'),(256,'미용','광산구','다독트레이닝'),(257,'미용','광산구','첨단사랑동물병원'),(258,'미용','광산구','개지중지'),(259,'미용','광산구','라보떼 펫살롱'),(260,'미용','광산구','펫살롱'),(261,'미용','광산구','야옹아멍멍해봐 수완점'),(262,'미용','광산구','비타민동물병원'),(263,'미용','광산구','강아지를 부탁해'),(264,'미용','광산구','연두동물병원'),(265,'미용','광산구','뽀송 펫 살롱'),(266,'미용','광산구','보보펫'),(267,'미용','광산구','한빛동물병원'),(268,'미용','광산구','모든애견미용실'),(269,'미용','광산구','아이퍼피'),(270,'미용','광산구','첨단우리동물병원'),(271,'미용','광산구','호야애견 본점'),(272,'미용','광산구','똥강아지'),(273,'미용','광산구','핫 독'),(274,'미용','광산구','퍼피스타'),(275,'미용','광산구','광주동물메디컬센터'),(276,'미용','광산구','배선생펫스토리 동물병원'),(277,'미용','광산구','보람동물병원'),(278,'미용','광산구','패밀리애견'),(279,'미용','광산구','미견미묘'),(280,'미용','광산구','블랑베베독'),(281,'미용','광산구','웰니스동물병원(수완점)'),(282,'미용','광산구','하남동물병원'),(283,'미용','광산구','치유동물병원'),(284,'미용','광산구','초로동물병원'),(285,'미용','광산구','몰랑독'),(286,'미용','광산구','녹십자 동물병원'),(287,'미용','광산구','밝은 동물병원'),(288,'미용','광산구','수완종합 동물병원'),(289,'미용','광산구','해피동물병원'),(290,'미용','광산구','다나은동물병원'),(291,'미용','광산구','딸기펫살롱'),(292,'미용','광산구','애니멀하우스'),(293,'병원','북구','24시 블루밍 동물병원'),(294,'병원','북구','24시 언제나 동물병원'),(295,'병원','동구','24시노아동물메디컬센터'),(296,'병원','서구','Dr.남동물병원'),(297,'병원','광산구','YS 동물병원'),(298,'병원','서구','가로수동물병원'),(299,'병원','북구','가야동물병원'),(300,'병원','남구','고려동물병원'),(301,'병원','광산구','공감동물메디컬센터'),(302,'병원','광산구','광산동물병원'),(303,'병원','동구','광주 한사랑동물병원'),(304,'병원','서구','광주24시스카이동물메디컬센터'),(305,'병원','서구','광주광역시 야생동물구조관리센터'),(306,'병원','북구','광주광역시 우치동물원 동물병원'),(307,'병원','광산구','광주다온동물병원'),(308,'병원','광산구','광주동물메디컬센터'),(309,'병원','남구','광주동물병원'),(310,'병원','북구','광주동물보호소 부속동물병원'),(311,'병원','서구','광주축산농협 동물병원'),(312,'병원','남구','광주축산농협동물병원'),(313,'병원','북구','굿모닝동물병원'),(314,'병원','남구','그린동물병원'),(315,'병원','서구','금호동물병원'),(316,'병원','북구','기운내 동물병원'),(317,'병원','남구','길동물병원'),(318,'병원','북구','김앤강 동물병원'),(319,'병원','북구','나래동물병원'),(320,'병원','남구','노아동물병원'),(321,'병원','광산구','노창섭동물병원'),(322,'병원','광산구','녹십자동물병원'),(323,'병원','남구','늘푸른 동물병원'),(324,'병원','서구','다나동물병원'),(325,'병원','광산구','다나은 동물병원'),(326,'병원','남구','다솜동물병원'),(327,'병원','광산구','도담도담동물병원'),(328,'병원','북구','동물병원 다움'),(329,'병원','북구','동행동물병원'),(330,'병원','서구','로하동물병원'),(331,'병원','남구','루나동물병원'),(332,'병원','서구','마루동물병원'),(333,'병원','북구','마음동물병원'),(334,'병원','북구','말바우동물병원'),(335,'병원','북구','무등동물병원'),(336,'병원','광산구','미르동물병원'),(337,'병원','서구','미유펫동물병원'),(338,'병원','서구','바른동물병원'),(339,'병원','북구','바이오컨설팅 & 신동물병원'),(340,'병원','광산구','밝은동물병원'),(341,'병원','북구','방주동물병원'),(342,'병원','광산구','배선생펫스토리동물병원'),(343,'병원','서구','백제동물병원'),(344,'병원','서구','베스트고양이병원'),(345,'병원','서구','베스트동물병원'),(346,'병원','광산구','보람동물병원'),(347,'병원','서구','본펫동물병원'),(348,'병원','남구','봉선동물병원'),(349,'병원','남구','봉선아이동물메디컬센터'),(350,'병원','북구','블루밍동물의료센터'),(351,'병원','남구','비타동물의료센터'),(352,'병원','광산구','비타민동물병원'),(353,'병원','북구','빛고을 동물의료센터'),(354,'병원','서구','사랑가득 동물병원'),(355,'병원','북구','샘터동물병원'),(356,'병원','남구','서현동물병원'),(357,'병원','남구','센트럴'),(358,'병원','북구','소담동물병원'),(359,'병원','남구','수동물병원'),(360,'병원','광산구','수완종합동물병원'),(361,'병원','동구','신세계 동물병원'),(362,'병원','광산구','신창동물병원'),(363,'병원','북구','아나푸게안과동물병원'),(364,'병원','서구','어울림동물병원'),(365,'병원','광산구','엘림동물병원'),(366,'병원','광산구','연두동물병원'),(367,'병원','동구','영재애견종합병원'),(368,'병원','광산구','예동물병원'),(369,'병원','남구','오즈동물병원'),(370,'병원','북구','올치동물병원'),(371,'병원','북구','우리동물병원'),(372,'병원','광산구','운남동물병원'),(373,'병원','북구','원헬스 벳 사회적협동조합'),(374,'병원','광산구','웰니스동물병원(수완점)'),(375,'병원','서구','윌 동물외상센터'),(376,'병원','북구','유동물병원'),(377,'병원','서구','유림동물병원'),(378,'병원','북구','유림동물병원'),(379,'병원','남구','은하수 동물병원'),(380,'병원','북구','이든동물병원'),(381,'병원','남구','이룸외과동물병원'),(382,'병원','광산구','이솝동물병원'),(383,'병원','북구','일곡동물병원'),(384,'병원','북구','자연동물병원'),(385,'병원','북구','전남대학교 동물병원'),(386,'병원','광산구','정다운동물병원'),(387,'병원','서구','제일말전문병원'),(388,'병원','북구','종로동물병원'),(389,'병원','서구','좋은동물병원'),(390,'병원','북구','주주동물병원'),(391,'병원','남구','중앙동물병원'),(392,'병원','광산구','진리동물병원'),(393,'병원','남구','진월24동물병원'),(394,'병원','북구','참좋은 동물병원'),(395,'병원','광산구','첨단사랑동물병원'),(396,'병원','광산구','첨단우리동물병원'),(397,'병원','남구','청담동물병원'),(398,'병원','광산구','초로동물병원'),(399,'병원','남구','최광호동물병원'),(400,'병원','광산구','치유동물병원'),(401,'병원','북구','코아동물병원'),(402,'병원','서구','쿨펫동물병원'),(403,'병원','동구','튼튼동물병원'),(404,'병원','서구','페츠온 동물병원'),(405,'병원','서구','펫프렌즈동물병원'),(406,'병원','서구','푸른동물병원'),(407,'병원','서구','프렌즈동물병원'),(408,'병원','서구','하나로동물병원'),(409,'병원','광산구','하남동물병원'),(410,'병원','서구','한결동물의료센터'),(411,'병원','광산구','한빛동물병원'),(412,'병원','북구','해맑은동물병원'),(413,'병원','광산구','해피동물병원'),(414,'병원','서구','현대동물병원'),(415,'병원','동구','현동물병원'),(416,'병원','서구','화정힐동물병원'),(417,'병원','동구','황제 동물병원'),(418,'병원','남구','희망동물병원'),(419,'애견카페','동구','꾸루꾸루'),(420,'애견카페','서구','cafe pgs'),(421,'애견카페','남구','개이트'),(422,'애견카페','북구','멍디브'),(423,'애견카페','광산구','빈티지399'),(424,'애견카페','광산구','눈보뛰'),(425,'애견카페','광산구','인디퍼피'),(426,'애견카페','광산구','큐독'),(427,'애견카페','광산구','크릉크릉'),(428,'애견카페','광산구','fun&dog');
/*!40000 ALTER TABLE `analysis_element` ENABLE KEYS */;
UNLOCK TABLES;

--
-- Table structure for table `dog_register`
--

DROP TABLE IF EXISTS `dog_register`;
/*!40101 SET @saved_cs_client     = @@character_set_client */;
/*!50503 SET character_set_client = utf8mb4 */;
CREATE TABLE `dog_register` (
  `dog_register_id` int NOT NULL AUTO_INCREMENT,
  `city` varchar(10) NOT NULL,
  `gu` varchar(20) CHARACTER SET utf8mb3 COLLATE utf8mb3_general_ci NOT NULL,
  `dong` varchar(20) NOT NULL,
  `dog_number` int NOT NULL,
  PRIMARY KEY (`dog_register_id`)
) ENGINE=InnoDB AUTO_INCREMENT=586 DEFAULT CHARSET=utf8mb4 COLLATE=utf8mb4_0900_ai_ci;
/*!40101 SET character_set_client = @saved_cs_client */;

--
-- Dumping data for table `dog_register`
--

LOCK TABLES `dog_register` WRITE;
/*!40000 ALTER TABLE `dog_register` DISABLE KEYS */;
INSERT INTO `dog_register` VALUES (1,'광주광역시','동구','궁동',12),(2,'광주광역시','동구','금동',54),(3,'광주광역시','동구','남동',13),(4,'광주광역시','동구','장동',30),(5,'광주광역시','동구','학동',590),(6,'광주광역시','동구','계림동',734),(7,'광주광역시','동구','광산동',8),(8,'광주광역시','동구','내남동',68),(9,'광주광역시','동구','대의동',1),(10,'광주광역시','동구','대인동',91),(11,'광주광역시','동구','동명동',195),(12,'광주광역시','동구','불로동',8),(13,'광주광역시','동구','산수동',891),(14,'광주광역시','동구','서석동',74),(15,'광주광역시','동구','선교동',1),(16,'광주광역시','동구','소태동',387),(17,'광주광역시','동구','수기동',34),(18,'광주광역시','동구','용산동',254),(19,'광주광역시','동구','용연동',5),(20,'광주광역시','동구','운림동',225),(21,'광주광역시','동구','월남동',138),(22,'광주광역시','동구','지산동',491),(23,'광주광역시','동구','호남동',8),(24,'광주광역시','동구','황금동',20),(25,'광주광역시','동구','금남로1가',2),(26,'광주광역시','동구','금남로2가',3),(27,'광주광역시','동구','금남로3가',7),(28,'광주광역시','동구','금남로4가',13),(29,'광주광역시','동구','금남로5가',16),(30,'광주광역시','동구','충장로1가',1),(31,'광주광역시','동구','충장로3가',4),(32,'광주광역시','동구','충장로4가',31),(33,'광주광역시','동구','충장로5가',19),(34,'광주광역시','서구','양동',342),(35,'광주광역시','서구','광천동',377),(36,'광주광역시','서구','금호동',2198),(37,'광주광역시','서구','내방동',409),(38,'광주광역시','서구','농성동',923),(39,'광주광역시','서구','덕흥동',20),(40,'광주광역시','서구','동천동',654),(41,'광주광역시','서구','마륵동',157),(42,'광주광역시','서구','매월동',110),(43,'광주광역시','서구','벽진동',30),(44,'광주광역시','서구','서창동',18),(45,'광주광역시','서구','세하동',23),(46,'광주광역시','서구','쌍촌동',2919),(47,'광주광역시','서구','용두동',40),(48,'광주광역시','서구','유촌동',376),(49,'광주광역시','서구','치평동',1665),(50,'광주광역시','서구','풍암동',1826),(51,'광주광역시','서구','화정동',2597),(52,'광주광역시','남구','구동',47),(53,'광주광역시','남구','사동',66),(54,'광주광역시','남구','서동',183),(55,'광주광역시','남구','노대동',410),(56,'광주광역시','남구','대지동',3),(57,'광주광역시','남구','덕남동',9),(58,'광주광역시','남구','도금동',5),(59,'광주광역시','남구','방림동',712),(60,'광주광역시','남구','백운동',822),(61,'광주광역시','남구','봉선동',1691),(62,'광주광역시','남구','송하동',180),(63,'광주광역시','남구','승촌동',7),(64,'광주광역시','남구','신장동',3),(65,'광주광역시','남구','압촌동',21),(66,'광주광역시','남구','양과동',28),(67,'광주광역시','남구','양림동',276),(68,'광주광역시','남구','양촌동',6),(69,'광주광역시','남구','원산동',25),(70,'광주광역시','남구','월산동',1366),(71,'광주광역시','남구','월성동',5),(72,'광주광역시','남구','이장동',27),(73,'광주광역시','남구','임암동',250),(74,'광주광역시','남구','주월동',1481),(75,'광주광역시','남구','지석동',78),(76,'광주광역시','남구','진월동',1254),(77,'광주광역시','남구','칠석동',7),(78,'광주광역시','남구','행암동',393),(79,'광주광역시','남구','화장동',13),(80,'광주광역시','북구','북동',58),(81,'광주광역시','북구','유동',90),(82,'광주광역시','북구','임동',389),(83,'광주광역시','북구','각화동',562),(84,'광주광역시','북구','금곡동',13),(85,'광주광역시','북구','누문동',28),(86,'광주광역시','북구','대촌동',14),(87,'광주광역시','북구','동림동',1057),(88,'광주광역시','북구','두암동',1867),(89,'광주광역시','북구','망월동',85),(90,'광주광역시','북구','매곡동',610),(91,'광주광역시','북구','문흥동',1727),(92,'광주광역시','북구','본촌동',405),(93,'광주광역시','북구','삼각동',691),(94,'광주광역시','북구','생용동',15),(95,'광주광역시','북구','수곡동',8),(96,'광주광역시','북구','신안동',642),(97,'광주광역시','북구','신용동',1210),(98,'광주광역시','북구','양산동',1098),(99,'광주광역시','북구','연제동',739),(100,'광주광역시','북구','오룡동',31),(101,'광주광역시','북구','오치동',1359),(102,'광주광역시','북구','용강동',5),(103,'광주광역시','북구','용두동',384),(104,'광주광역시','북구','용봉동',1802),(105,'광주광역시','북구','용전동',19),(106,'광주광역시','북구','우산동',538),(107,'광주광역시','북구','운암동',2256),(108,'광주광역시','북구','운정동',26),(109,'광주광역시','북구','월출동',10),(110,'광주광역시','북구','일곡동',1333),(111,'광주광역시','북구','장등동',46),(112,'광주광역시','북구','중흥동',812),(113,'광주광역시','북구','지야동',21),(114,'광주광역시','북구','청풍동',30),(115,'광주광역시','북구','충효동',52),(116,'광주광역시','북구','태령동',11),(117,'광주광역시','북구','풍향동',260),(118,'광주광역시','북구','화암동',3),(119,'광주광역시','북구','효령동',6),(120,'광주광역시','광산구','선동',3),(121,'광주광역시','광산구','신동',4),(122,'광주광역시','광산구','양동',2),(123,'광주광역시','광산구','옥동',28),(124,'광주광역시','광산구','용동',17),(125,'광주광역시','광산구','고룡동',14),(126,'광주광역시','광산구','광산동',20),(127,'광주광역시','광산구','남산동',7),(128,'광주광역시','광산구','내산동',2),(129,'광주광역시','광산구','대산동',12),(130,'광주광역시','광산구','도덕동',8),(131,'광주광역시','광산구','도산동',677),(132,'광주광역시','광산구','도천동',141),(133,'광주광역시','광산구','동림동',3),(134,'광주광역시','광산구','동산동',19),(135,'광주광역시','광산구','동호동',5),(136,'광주광역시','광산구','두정동',16),(137,'광주광역시','광산구','등임동',4),(138,'광주광역시','광산구','명도동',9),(139,'광주광역시','광산구','명화동',5),(140,'광주광역시','광산구','박호동',6),(141,'광주광역시','광산구','복룡동',10),(142,'광주광역시','광산구','본덕동',10),(143,'광주광역시','광산구','북산동',2),(144,'광주광역시','광산구','비아동',232),(145,'광주광역시','광산구','사호동',6),(146,'광주광역시','광산구','산막동',4),(147,'광주광역시','광산구','산수동',2),(148,'광주광역시','광산구','산월동',907),(149,'광주광역시','광산구','산정동',1076),(150,'광주광역시','광산구','삼거동',1),(151,'광주광역시','광산구','삼도동',8),(152,'광주광역시','광산구','서봉동',11),(153,'광주광역시','광산구','선암동',530),(154,'광주광역시','광산구','소촌동',1021),(155,'광주광역시','광산구','송대동',6),(156,'광주광역시','광산구','송산동',13),(157,'광주광역시','광산구','송정동',990),(158,'광주광역시','광산구','송촌동',8),(159,'광주광역시','광산구','송치동',12),(160,'광주광역시','광산구','송학동',9),(161,'광주광역시','광산구','수완동',1123),(162,'광주광역시','광산구','신가동',1713),(163,'광주광역시','광산구','신룡동',7),(164,'광주광역시','광산구','신창동',1701),(165,'광주광역시','광산구','신촌동',268),(166,'광주광역시','광산구','쌍암동',518),(167,'광주광역시','광산구','안청동',4),(168,'광주광역시','광산구','양산동',2),(169,'광주광역시','광산구','연산동',19),(170,'광주광역시','광산구','오산동',14),(171,'광주광역시','광산구','오선동',32),(172,'광주광역시','광산구','오운동',5),(173,'광주광역시','광산구','요기동',5),(174,'광주광역시','광산구','용곡동',19),(175,'광주광역시','광산구','용봉동',9),(176,'광주광역시','광산구','우산동',1453),(177,'광주광역시','광산구','운남동',1271),(178,'광주광역시','광산구','운수동',70),(179,'광주광역시','광산구','월계동',2080),(180,'광주광역시','광산구','월곡동',1259),(181,'광주광역시','광산구','월전동',43),(182,'광주광역시','광산구','유계동',6),(183,'광주광역시','광산구','임곡동',21),(184,'광주광역시','광산구','장덕동',1632),(185,'광주광역시','광산구','장록동',16),(186,'광주광역시','광산구','장수동',39),(187,'광주광역시','광산구','지산동',2),(188,'광주광역시','광산구','지정동',4),(189,'광주광역시','광산구','지죽동',23),(190,'광주광역시','광산구','지평동',7),(191,'광주광역시','광산구','진곡동',13),(192,'광주광역시','광산구','하남동',321),(193,'광주광역시','광산구','하산동',19),(194,'광주광역시','광산구','황룡동',23),(195,'광주광역시','광산구','흑석동',310);
/*!40000 ALTER TABLE `dog_register` ENABLE KEYS */;
UNLOCK TABLES;

--
-- Table structure for table `park_number`
--

DROP TABLE IF EXISTS `park_number`;
/*!40101 SET @saved_cs_client     = @@character_set_client */;
/*!50503 SET character_set_client = utf8mb4 */;
CREATE TABLE `park_number` (
  `gu` varchar(10) NOT NULL,
  `park_num` int DEFAULT NULL,
  PRIMARY KEY (`gu`)
) ENGINE=InnoDB DEFAULT CHARSET=utf8mb4 COLLATE=utf8mb4_0900_ai_ci;
/*!40101 SET character_set_client = @saved_cs_client */;

--
-- Dumping data for table `park_number`
--

LOCK TABLES `park_number` WRITE;
/*!40000 ALTER TABLE `park_number` DISABLE KEYS */;
INSERT INTO `park_number` VALUES ('광산구',220),('남구',91),('동구',52),('북구',169),('서구',108);
/*!40000 ALTER TABLE `park_number` ENABLE KEYS */;
UNLOCK TABLES;

--
-- Table structure for table `population`
--

DROP TABLE IF EXISTS `population`;
/*!40101 SET @saved_cs_client     = @@character_set_client */;
/*!50503 SET character_set_client = utf8mb4 */;
CREATE TABLE `population` (
  `gu` varchar(10) NOT NULL,
  `2006_pop` int DEFAULT NULL,
  `2021_pop` int DEFAULT NULL,
  PRIMARY KEY (`gu`)
) ENGINE=InnoDB DEFAULT CHARSET=utf8mb4 COLLATE=utf8mb4_0900_ai_ci;
/*!40101 SET character_set_client = @saved_cs_client */;

--
-- Dumping data for table `population`
--

LOCK TABLES `population` WRITE;
/*!40000 ALTER TABLE `population` DISABLE KEYS */;
INSERT INTO `population` VALUES ('광산구',315350,416012),('남구',212450,217032),('동구',114936,105077),('북구',463088,431587),('서구',310129,292837);
/*!40000 ALTER TABLE `population` ENABLE KEYS */;
UNLOCK TABLES;

--
-- Table structure for table `population_score`
--

DROP TABLE IF EXISTS `population_score`;
/*!40101 SET @saved_cs_client     = @@character_set_client */;
/*!50503 SET character_set_client = utf8mb4 */;
CREATE TABLE `population_score` (
  `gu` varchar(10) NOT NULL,
  `popul_score` double DEFAULT NULL,
  PRIMARY KEY (`gu`)
) ENGINE=InnoDB DEFAULT CHARSET=utf8mb4 COLLATE=utf8mb4_0900_ai_ci;
/*!40101 SET character_set_client = @saved_cs_client */;

--
-- Dumping data for table `population_score`
--

LOCK TABLES `population_score` WRITE;
/*!40000 ALTER TABLE `population_score` DISABLE KEYS */;
INSERT INTO `population_score` VALUES ('광산구',0.021280482004122404),('남구',0.0014378285086687074),('동구',-0.005718544813345401),('북구',-0.004534919209020027),('서구',-0.0037171628580364934);
/*!40000 ALTER TABLE `population_score` ENABLE KEYS */;
UNLOCK TABLES;

--
-- Table structure for table `total_count`
--

DROP TABLE IF EXISTS `total_count`;
/*!40101 SET @saved_cs_client     = @@character_set_client */;
/*!50503 SET character_set_client = utf8mb4 */;
CREATE TABLE `total_count` (
  `gu_index` int NOT NULL AUTO_INCREMENT,
  `gu` varchar(45) NOT NULL,
  `ani_hos_count` int NOT NULL,
  `ani_salon_count` int NOT NULL,
  `ani_reg_count` int NOT NULL,
  `park_count` int NOT NULL,
  `popul_count` int NOT NULL,
  `rival_count` int NOT NULL,
  `time_data` varchar(45) NOT NULL,
  PRIMARY KEY (`gu_index`)
) ENGINE=InnoDB AUTO_INCREMENT=6 DEFAULT CHARSET=utf8mb4 COLLATE=utf8mb4_0900_ai_ci;
/*!40101 SET character_set_client = @saved_cs_client */;

--
-- Dumping data for table `total_count`
--

LOCK TABLES `total_count` WRITE;
/*!40000 ALTER TABLE `total_count` DISABLE KEYS */;
INSERT INTO `total_count` VALUES (1,'동구',7,22,4428,52,105077,1,'2022-11-14'),(2,'서구',30,73,14684,108,292837,1,'2022-11-14'),(3,'남구',23,46,9368,91,217032,1,'2022-11-14'),(4,'북구',35,71,20312,169,431587,1,'2022-11-14'),(5,'광산구',31,80,19911,220,416012,6,'2022-11-14');
/*!40000 ALTER TABLE `total_count` ENABLE KEYS */;
UNLOCK TABLES;

--
-- Table structure for table `total_score`
--

DROP TABLE IF EXISTS `total_score`;
/*!40101 SET @saved_cs_client     = @@character_set_client */;
/*!50503 SET character_set_client = utf8mb4 */;
CREATE TABLE `total_score` (
  `gu` varchar(10) NOT NULL,
  `ani_hos_score` int DEFAULT '0',
  `ani_salon_score` int DEFAULT '0',
  `ani_reg_score` int DEFAULT '0',
  `park_score` int DEFAULT '0',
  `popul_score` int DEFAULT '0',
  `rival_score` int DEFAULT '0',
  PRIMARY KEY (`gu`)
) ENGINE=InnoDB DEFAULT CHARSET=utf8mb4 COLLATE=utf8mb4_0900_ai_ci;
/*!40101 SET character_set_client = @saved_cs_client */;

--
-- Dumping data for table `total_score`
--

LOCK TABLES `total_score` WRITE;
/*!40000 ALTER TABLE `total_score` DISABLE KEYS */;
INSERT INTO `total_score` VALUES ('광산구',1,2,4,5,5,6),('남구',5,3,2,2,4,1),('동구',2,4,1,1,1,1),('북구',3,1,5,4,2,1),('서구',4,5,3,3,3,1);
/*!40000 ALTER TABLE `total_score` ENABLE KEYS */;
UNLOCK TABLES;

--
-- Table structure for table `user`
--

DROP TABLE IF EXISTS `user`;
/*!40101 SET @saved_cs_client     = @@character_set_client */;
/*!50503 SET character_set_client = utf8mb4 */;
CREATE TABLE `user` (
  `id` varchar(20) NOT NULL,
  `pw` varchar(45) DEFAULT NULL,
  PRIMARY KEY (`id`)
) ENGINE=InnoDB DEFAULT CHARSET=utf8mb4 COLLATE=utf8mb4_0900_ai_ci;
/*!40101 SET character_set_client = @saved_cs_client */;

--
-- Dumping data for table `user`
--

LOCK TABLES `user` WRITE;
/*!40000 ALTER TABLE `user` DISABLE KEYS */;
/*!40000 ALTER TABLE `user` ENABLE KEYS */;
UNLOCK TABLES;
/*!40103 SET TIME_ZONE=@OLD_TIME_ZONE */;

/*!40101 SET SQL_MODE=@OLD_SQL_MODE */;
/*!40014 SET FOREIGN_KEY_CHECKS=@OLD_FOREIGN_KEY_CHECKS */;
/*!40014 SET UNIQUE_CHECKS=@OLD_UNIQUE_CHECKS */;
/*!40101 SET CHARACTER_SET_CLIENT=@OLD_CHARACTER_SET_CLIENT */;
/*!40101 SET CHARACTER_SET_RESULTS=@OLD_CHARACTER_SET_RESULTS */;
/*!40101 SET COLLATION_CONNECTION=@OLD_COLLATION_CONNECTION */;
/*!40111 SET SQL_NOTES=@OLD_SQL_NOTES */;

-- Dump completed on 2022-11-16 12:27:09
